{"episode": 50, "reward_history": [-7.0, -7.0, -7.0, -6.0, -6.0, -8.0, -8.0, -6.0, -8.0, -5.0, -5.0, -5.0, -7.0, -7.0, -6.0, -7.0, -6.0, -8.0, -6.0, -7.0, -5.0, -8.0, -8.0, -8.0, -6.0, -6.0, -5.0, -5.0, -5.0, -6.0, -8.0, -7.0, -8.0, -4.0, -5.0, -6.0, -7.0, -7.0, -6.0, -8.0, -6.0, -7.0, -6.0, -7.0, -7.0, -5.0, -8.0, -8.0, -8.0, -6.0, -7.0], "loss_history": [2.98100455933147, 1.2528331621239583, 0.6376450210809708, 0.47800395684316754, 0.4501352566294372, 0.137409744686202, 0.154361702109638, 0.155693246898326, 0.13240105580342443, 0.1475060909382395, 0.13293128456313943, 0.12138039150903392, 0.11657986727853616, 0.10667491386885997, 0.10306859132030914, 0.08751697774077284, 0.09289147559320554, 0.08247721959885798, 0.0785231776535511, 0.08016625318962795, 0.07935360285707495, 0.07801189773568981, 0.07296662836482651, 0.07211262713137426, 0.06435881461948156, 0.0648964939173311, 0.05904279751703143, 0.057858386721748575, 0.0521060134180718, 0.05195050705866567, 0.055808321386575696, 0.048426714484338405, 0.05223123003777705, 0.04694787657354027, 0.04967217165976763, 0.05153422468695147, 0.04413601853277372, 0.045835030575593315, 0.04276386174772467, 0.04194010333403161, 0.04127356730168685, 0.044272258463833064, 0.049160129856318235, 0.043366917236535636, 0.04253706818929425, 0.045009651531775795, 0.047699299297834695, 0.03968953929449383, 0.039491023764842086, 0.043193485768091296, 0.043875895983849965], "max_q_value_history": [0, 0, 0, 0, 0, 0, 0, 0, 0, 0.2700706422328949, 0, 0, 0, 0, 0, 0, 0, 0, 0.04556683450937271, 0, 0.20987462997436523, 0, 0.17960962653160095, 0, 0.5763137340545654, 0, 0, 0, 0.6123125553131104, 0.22905400395393372, 0, 0, 0, 0.39473575353622437, 0, 0, 0, 0.19281898438930511, 1.6559993028640747, 0, 0, 0, 0.36363473534584045, 0.23291711509227753, 0, 0, 0, 0, 0, 0, 0], "q_values_per_game": [[1.36406672000885], [1.3665320873260498], [1.3790483474731445], [1.3417003154754639], [1.3396366834640503], [1.2924808263778687], [1.3265506029129028], [1.3111262321472168], [1.317093014717102], [1.3139501810073853], [1.3153512477874756], [1.3099784851074219], [1.2977279424667358], [1.2999975681304932], [1.306789517402649], [1.3340932130813599], [1.3126708269119263], [1.3116741180419922], [1.334656000137329], [1.3246346712112427], [1.3663225173950195], [1.26865816116333], [1.305083155632019], [1.3309465646743774], [1.3516062498092651], [1.351485252380371], [1.340775966644287], [1.3432047367095947], [1.3258047103881836], [1.3247127532958984], [1.3265575170516968], [1.3198837041854858], [1.3348987102508545], [1.3264504671096802], [1.3550996780395508], [1.327510118484497], [1.3085333108901978], [1.3285768032073975], [1.3295154571533203], [1.3218097686767578], [1.3118243217468262], [1.336785912513733], [1.3331724405288696], [1.3164784908294678], [1.3178800344467163], [1.3183809518814087], [1.3224143981933594], [1.3197773694992065], [1.3211891651153564], [1.3300104141235352], [1.3366367816925049], [1.3157095909118652], [1.3217182159423828], [1.3278660774230957], [1.334071159362793], [1.3371119499206543], [1.3312733173370361], [1.3317389488220215], [1.3206396102905273], [1.324704647064209], [1.3359194993972778], [1.3114745616912842], [1.3254919052124023], [1.337512731552124], [1.3343030214309692], [1.3388440608978271], [1.338338017463684], [1.3336670398712158], [1.3760449886322021], [1.3663934469223022], [1.3391087055206299], [1.3229039907455444], [1.3000123500823975], [1.3140668869018555], [1.3282115459442139], [1.3432224988937378], [1.348860740661621], [1.3366390466690063], [1.3244653940200806], [1.3002896308898926], [1.326097011566162], [1.3185608386993408], [1.3131282329559326], [1.3200299739837646], [1.3145806789398193], [1.2995022535324097], [1.3021433353424072], [1.3035109043121338], [1.2630149126052856], [1.3015999794006348], [1.3095297813415527], [1.3263193368911743], [1.3140045404434204], [1.3028028011322021], [1.322267770767212], [1.3192740678787231], [1.310365915298462], [1.3146390914916992], [1.3084497451782227], [1.3004240989685059], [1.2944484949111938], [1.2931365966796875], [1.297176480293274], [1.2977499961853027], [1.3269264698028564], [1.3327279090881348], [1.3215646743774414], [1.3311537504196167], [1.3063955307006836], [1.3099656105041504], [1.3241803646087646], [1.325385570526123], [1.3203171491622925], [1.3094496726989746], [1.322073221206665], [1.3151620626449585], [1.315824270248413]]}