{"episode": 140, "reward_history": [-20.0, -17.0, -20.0, -18.0, -20.0, -20.0, -18.0, -18.0, -17.0, -16.0, -20.0, -20.0, -20.0, -18.0, -17.0, -17.0, -17.0, -20.0, -20.0, -18.0, -18.0, -20.0, -18.0, -18.0, -18.0, -18.0, -20.0, -20.0, -17.0, -17.0, -18.0, -18.0, -17.0, -20.0, -18.0, -18.0, -18.0, -18.0, -18.0, -16.0, -18.0, -18.0, -20.0, -18.0, -20.0, -18.0, -17.0, -17.0, -18.0, -17.0, -18.0, -20.0, -17.0, -18.0, -16.0, -20.0, -16.0, -17.0, -18.0, -20.0, -20.0, -18.0, -17.0, -20.0, -18.0, -19.0, -20.0, -18.0, -17.0, -17.0, -18.0, -18.0, -20.0, -16.0, -20.0, -19.0, -18.0, -18.0, -17.0, -18.0, -18.0, -18.0, -20.0, -18.0, -20.0, -17.0, -20.0, -20.0, -17.0, -18.0, -17.0, -17.0, -20.0, -17.0, -20.0, -20.0, -18.0, -20.0, -17.0, -20.0, -18.0, -20.0, -20.0, -17.0, -17.0, -17.0, -18.0, -18.0, -16.0, -20.0, -20.0, -18.0, -17.0, -16.0, -20.0, -20.0, -17.0, -18.0, -18.0, -20.0, -17.0, -18.0, -18.0, -17.0, -17.0, -20.0, -18.0, -20.0, -18.0, -18.0, -17.0, -20.0, -20.0, -16.0, -20.0, -18.0, -17.0, -20.0, -20.0, -18.0, -18.0, -20.0], "loss_history": [0, 0, 0, 0, 0, 0, 0, 0, 0, 0, 0, 0, 0, 0, 0, 0, 0, 0, 0, 0, 0, 0, 0, 0, 0, 0, 0, 0, 0, 0, 0, 0, 0, 0, 0, 0, 0, 0, 0, 0, 0, 0, 0, 0, 0, 0, 0, 0, 0, 0, 0, 0, 0, 0, 0, 0, 0, 0, 0, 0, 0, 28.6667605766654, 1.4259708743050414, 1.084599074262839, 1.0313667501952197, 1.2074516124783023, 1.7077862734978015, 1.4143903169192766, 1.2230695463393046, 0.9730713781045408, 0.9730396561324597, 1.0715593482766832, 0.9403906991848578, 1.0282540912739933, 0.7768108439445496, 0.671775040216744, 0.553450617848373, 0.4484116787260229, 0.4898954310200431, 0.46650708412251823, 0.517997648133788, 0, 0, 0, 0, 0, 0, 0, 0, 0, 0, 0, 0, 0, 0, 0, 0, 0, 0, 0, 0, 0, 0, 0, 0, 0, 0, 0, 0, 0, 0, 0, 0, 0, 0, 0, 0, 0, 0, 0, 0, 0, 0, 0, 0, 0, 0, 0, 0, 0, 0, 0, 0, 0, 0, 0, 0, 0, 0, 0, 0, 0], "max_q_value_history": [1.1744028329849243, 1.5317943096160889, 1.1360161304473877, 1.4488612413406372, 1.1408066749572754, 1.1463406085968018, 1.515537977218628, 1.4647784233093262, 1.5017170906066895, 1.6353751420974731, 1.1638193130493164, 1.1345372200012207, 1.1661137342453003, 1.4267902374267578, 1.4721683263778687, 1.507361888885498, 1.5363293886184692, 1.1509422063827515, 1.1641830205917358, 1.421829342842102, 1.3915820121765137, 1.1602210998535156, 1.4533514976501465, 1.4193177223205566, 1.4678974151611328, 1.4425513744354248, 1.1641188859939575, 1.1553250551223755, 1.5219308137893677, 1.5263601541519165, 1.4215441942214966, 1.438907504081726, 1.4812655448913574, 1.1494300365447998, 1.4255965948104858, 1.3895747661590576, 1.4102225303649902, 1.4271339178085327, 1.4724626541137695, 1.614696979522705, 1.4363627433776855, 1.4683016538619995, 1.1880466938018799, 1.4557758569717407, 1.166636347770691, 1.4637972116470337, 1.4856033325195312, 1.4546090364456177, 1.4399268627166748, 1.4936996698379517, 1.370437502861023, 1.1584992408752441, 1.4681422710418701, 1.449171543121338, 1.6275110244750977, 1.1424152851104736, 1.6146026849746704, 1.5093042850494385, 1.435869812965393, 1.1371902227401733, 1.1518915891647339, 11.422256469726562, 1.1276353597640991, 0, 0, 0, 1.5762065649032593, 1.0535366535186768, 0, 1.8947813510894775, 1.679668664932251, 2.1483540534973145, 0.9435174465179443, 2.5321192741394043, 2.0473098754882812, 2.535196304321289, 2.9573278427124023, 3.5328598022460938, 2.7082629203796387, 3.8342888355255127, 2.5162901878356934, 1.7176623344421387, 1.7211804389953613, 1.7318711280822754, 1.7102110385894775, 1.6996006965637207, 1.6532607078552246, 1.6684558391571045, 1.6724863052368164, 1.6373709440231323, 1.6846988201141357, 1.7598496675491333, 1.7565281391143799, 1.6944743394851685, 1.704657793045044, 1.677091360092163, 1.6539865732192993, 1.6646795272827148, 1.721102237701416, 1.6966533660888672, 1.6520764827728271, 1.6994273662567139, 1.7435972690582275, 1.6802144050598145, 1.6480748653411865, 1.6701009273529053, 1.6907384395599365, 1.710815191268921, 1.7176539897918701, 1.6674264669418335, 1.6490836143493652, 1.656236171722412, 1.639674425125122, 1.679206371307373, 1.6695141792297363, 1.6490836143493652, 1.685408115386963, 1.7017185688018799, 1.716916799545288, 1.6458404064178467, 1.6666679382324219, 1.6899425983428955, 1.6644270420074463, 1.6596901416778564, 1.6624033451080322, 1.6668046712875366, 1.6894649267196655, 1.6974263191223145, 1.7009835243225098, 1.6427597999572754, 1.7225477695465088, 1.6734812259674072, 1.7243640422821045, 1.6918927431106567, 1.6692745685577393, 1.7440879344940186, 1.6403732299804688, 1.7188630104064941, 1.665673851966858, 1.6659393310546875, 1.6898078918457031, 1.6645845174789429], "q_values_per_game": [[1.5695282220840454], [1.5762804746627808], [1.569300889968872], [1.6415672302246094], [1.6569126844406128], [1.6680465936660767], [1.6912775039672852], [1.6806076765060425], [1.6531139612197876], [1.7071799039840698], [1.764336109161377], [1.7496440410614014], [1.7392750978469849], [1.7719242572784424], [1.7176469564437866], [1.753190517425537], [1.7876689434051514], [1.7723766565322876], [1.744900107383728], [1.7449201345443726], [1.7865351438522339], [1.8011881113052368], [1.762307047843933], [1.8718353509902954], [1.7716257572174072], [1.732450246810913], [1.7747222185134888], [1.6670204401016235], [1.7912780046463013], [1.7261971235275269], [1.8129513263702393], [1.8287376165390015], [1.9403127431869507], [1.861166000366211], [1.804288625717163], [1.858920693397522], [1.8051280975341797], [1.7868542671203613], [1.831493616104126], [1.8909683227539062], [1.9203803539276123], [1.8575447797775269], [1.7871111631393433], [1.807010293006897], [1.7576661109924316], [1.7096483707427979], [1.799514651298523], [1.709787130355835], [1.7003589868545532], [1.662794589996338], [1.7286614179611206], [1.6903457641601562], [1.6163853406906128], [1.6567046642303467], [1.671586036682129], [1.6477932929992676], [1.6214301586151123], [1.6599675416946411], [1.577710509300232], [1.6002459526062012], [1.6332707405090332], [1.5598397254943848], [1.60158109664917], [1.6286957263946533], [1.6057507991790771], [1.5507766008377075], [1.5031667947769165], [1.5721691846847534], [1.5112813711166382], [1.5294963121414185], [1.5151687860488892], [1.516561508178711], [1.5212572813034058], [1.553642749786377], [1.4619770050048828], [1.3553372621536255], [1.4792542457580566], [1.4021011590957642], [1.4612172842025757], [1.4756911993026733], [1.3795199394226074], [1.404076337814331], [1.4221168756484985], [1.432540774345398]], "update_steps": 784}